,Precision,Recall,F1_Score
economic,0.5401069518716578,0.8145161290322581,0.6495176848874598
environmental,0.5421686746987951,0.9375,0.6870229007633587
foreign policy,0.3211009174311927,0.8974358974358975,0.47297297297297297
governance,0.5428571428571428,0.18627450980392157,0.2773722627737226
immigration,0.8387096774193549,0.896551724137931,0.8666666666666667
military,0.4230769230769231,0.88,0.5714285714285714
safety,0.4491525423728814,0.7794117647058824,0.5698924731182796
social programs,0.5858585858585859,0.8285714285714286,0.6863905325443788
social cultural,0.4,0.7894736842105263,0.5309734513274337
