,Precision,Recall,F1_Score
economic,0.8809523809523809,0.578125,0.6981132075471698
environmental,0.7068965517241379,0.8367346938775511,0.7663551401869159
foreign policy,0.8387096774193549,0.6190476190476191,0.7123287671232877
governance,0.75,0.10909090909090909,0.19047619047619044
immigration,0.9583333333333334,0.7666666666666667,0.851851851851852
military,0.8695652173913043,0.7692307692307693,0.8163265306122448
safety,0.825,0.4852941176470588,0.6111111111111112
social programs,0.9433962264150944,0.6756756756756757,0.7874015748031495
social cultural,0.8409090909090909,0.4868421052631579,0.6166666666666667
